{"inputUnits":[34],"outputUnits":3,"inputs":{"0":{"dtype":"number","min":188.37850946199592,"max":406.5146094130726},"1":{"dtype":"number","min":23.698175738894207,"max":410.29778136612146},"2":{"dtype":"number","min":200.88537859405457,"max":410.66514043082964},"3":{"dtype":"number","min":13.822185077630053,"max":403.2430271795618},"4":{"dtype":"number","min":192.0177050733659,"max":395.4516854388439},"5":{"dtype":"number","min":13.31709595916331,"max":400.4109123482806},"6":{"dtype":"number","min":224.71145540650127,"max":410.7077573660986},"7":{"dtype":"number","min":26.342280873081137,"max":421.23626218204606},"8":{"dtype":"number","min":193.66710759510536,"max":377.2936947768659},"9":{"dtype":"number","min":24.415438467996154,"max":426.0429843359755},"10":{"dtype":"number","min":213.91232258162768,"max":452.59735999748716},"11":{"dtype":"number","min":98.31718727394386,"max":449.70568443134744},"12":{"dtype":"number","min":244.79597363090886,"max":356.8643265811556},"13":{"dtype":"number","min":94.28941455268486,"max":437.3196452774731},"14":{"dtype":"number","min":225.93339410674037,"max":465.74528863323127},"15":{"dtype":"number","min":195.95980965835543,"max":446.97597451609704},"16":{"dtype":"number","min":209.93219208299067,"max":300.12006198221246},"17":{"dtype":"number","min":194.61031491761088,"max":431.59331739994514},"18":{"dtype":"number","min":179.2517585828755,"max":425.6040767201206},"19":{"dtype":"number","min":288.76988520631545,"max":495.34178616707777},"20":{"dtype":"number","min":176.97953043857746,"max":313.51123296726513},"21":{"dtype":"number","min":290.0798537345425,"max":456.0985551800644},"22":{"dtype":"number","min":221.17143374437475,"max":415.2263541714257},"23":{"dtype":"number","min":266.25868531463203,"max":509.52614291601935},"24":{"dtype":"number","min":233.3925868103146,"max":348.6460076345105},"25":{"dtype":"number","min":258.9561791076065,"max":495.6428971021031},"26":{"dtype":"number","min":190.7038341024001,"max":414.93833902518884},"27":{"dtype":"number","min":425.17298291301165,"max":535.7149510076869},"28":{"dtype":"number","min":205.52958051596002,"max":385.78114232589394},"29":{"dtype":"number","min":407.12548685352704,"max":530.9768932558175},"30":{"dtype":"number","min":176.2453804239195,"max":417.35899198357356},"31":{"dtype":"number","min":436.6940337361416,"max":553.6890897695084},"32":{"dtype":"number","min":177.9907408002292,"max":365.779311866091},"33":{"dtype":"number","min":436.35010955394125,"max":551.4649918762564}},"outputs":{"0":{"dtype":"string","min":0,"max":1,"uniqueValues":["m","d","c"],"legend":{"m":[1,0,0],"d":[0,1,0],"c":[0,0,1]}}},"isNormalized":true}